x,y,u_velocity,v_velocity,pressure,velocity_magnitude,viscosity,learned_viscosity_param,distance_from_inlet
0.0,0.5,0.9668279,0.003287062,0.46067992,0.9668335,0.035119906,0.05023981258273125,0.0
0.006688963,0.5,0.97184515,0.0031703971,0.46159694,0.97185034,0.035119906,0.05023981258273125,0.006688963
0.013377926,0.5,0.976458,0.0030493848,0.46246067,0.9764628,0.035119906,0.05023981258273125,0.013377926
0.020066889,0.5,0.9806723,0.00292309,0.46327204,0.98067665,0.035119906,0.05023981258273125,0.020066889
0.026755853,0.5,0.98449475,0.0027906336,0.46403217,0.9844987,0.035119906,0.05023981258273125,0.026755853
0.033444814,0.5,0.9879334,0.002651222,0.46474218,0.987937,0.035119906,0.05023981258273125,0.033444814
0.040133778,0.5,0.99099684,0.0025041327,0.46540365,0.991,0.035119906,0.05023981258273125,0.040133778
0.04682274,0.5,0.99369454,0.0023487546,0.46601832,0.99369735,0.035119906,0.05023981258273125,0.04682274
0.053511705,0.5,0.99603677,0.002184663,0.46658787,0.99603915,0.035119906,0.05023981258273125,0.053511705
0.06020067,0.5,0.9980346,0.0020115562,0.46711418,0.9980366,0.035119906,0.05023981258273125,0.06020067
0.06688963,0.5,0.9997008,0.0018291958,0.4675996,0.99970245,0.035119906,0.05023981258273125,0.06688963
0.073578596,0.5,1.0010478,0.0016376935,0.46804616,1.0010492,0.035119906,0.05023981258273125,0.073578596
0.080267556,0.5,1.0020903,0.0014371872,0.46845624,1.0020914,0.035119906,0.05023981258273125,0.080267556
0.08695652,0.5,1.002843,0.001228068,0.46883214,1.0028439,0.035119906,0.05023981258273125,0.08695652
0.09364548,0.5,1.0033225,0.0010109507,0.46917638,1.0033231,0.035119906,0.05023981258273125,0.09364548
0.10033445,0.5,1.0035452,0.00078656897,0.46949133,1.0035454,0.035119906,0.05023981258273125,0.10033445
0.10702341,0.5,1.0035299,0.0005559996,0.46977952,1.0035301,0.035119906,0.05023981258273125,0.10702341
0.11371237,0.5,1.0032947,0.0003203191,0.47004348,1.0032947,0.035119906,0.05023981258273125,0.11371237
0.12040134,0.5,1.0028602,8.087978e-05,0.47028568,1.0028602,0.035119906,0.05023981258273125,0.12040134
0.1270903,0.5,1.0022464,-0.00016077235,0.47050858,1.0022464,0.035119906,0.05023981258273125,0.1270903
0.13377926,0.5,1.0014744,-0.00040305778,0.4707147,1.0014744,0.035119906,0.05023981258273125,0.13377926
0.14046822,0.5,1.0005654,-0.00064427033,0.47090635,1.0005656,0.035119906,0.05023981258273125,0.14046822
0.14715719,0.5,0.99954104,-0.00088263676,0.471086,0.99954146,0.035119906,0.05023981258273125,0.14715719
0.15384616,0.5,0.9984226,-0.0011163317,0.471256,0.9984233,0.035119906,0.05023981258273125,0.15384616
0.16053511,0.5,0.9972309,-0.001343593,0.47141862,0.9972318,0.035119906,0.05023981258273125,0.16053511
0.16722408,0.5,0.9959866,-0.001562681,0.47157618,0.9959878,0.035119906,0.05023981258273125,0.16722408
0.17391305,0.5,0.99470866,-0.0017719455,0.4717308,0.99471027,0.035119906,0.05023981258273125,0.17391305
0.180602,0.5,0.9934155,-0.0019697696,0.47188455,0.99341744,0.035119906,0.05023981258273125,0.180602
0.18729097,0.5,0.99212384,-0.0021548308,0.47203934,0.99212617,0.035119906,0.05023981258273125,0.18729097
0.19397993,0.5,0.9908489,-0.0023257323,0.47219715,0.99085164,0.035119906,0.05023981258273125,0.19397993
0.2006689,0.5,0.989604,-0.0024813935,0.4723595,0.9896071,0.035119906,0.05023981258273125,0.2006689
0.20735785,0.5,0.9884012,-0.00262082,0.47252813,0.98840463,0.035119906,0.05023981258273125,0.20735785
0.21404682,0.5,0.9872503,-0.0027430728,0.4727043,0.98725414,0.035119906,0.05023981258273125,0.21404682
0.22073579,0.5,0.9861597,-0.0028475784,0.47288924,0.9861638,0.035119906,0.05023981258273125,0.22073579
0.22742474,0.5,0.9851361,-0.0029336996,0.4730839,0.98514044,0.035119906,0.05023981258273125,0.22742474
0.23411371,0.5,0.98418474,-0.0030010343,0.4732892,0.98418933,0.035119906,0.05023981258273125,0.23411371
0.24080268,0.5,0.98330915,-0.0030492842,0.47350577,0.98331386,0.035119906,0.05023981258273125,0.24080268
0.24749164,0.5,0.98251235,-0.0030783229,0.473734,0.9825172,0.035119906,0.05023981258273125,0.24749164
0.2541806,0.5,0.98179585,-0.0030880198,0.47397435,0.98180073,0.035119906,0.05023981258273125,0.2541806
0.26086956,0.5,0.98116016,-0.0030784644,0.4742268,0.981165,0.035119906,0.05023981258273125,0.26086956
0.26755852,0.5,0.98060507,-0.0030497648,0.4744912,0.98060983,0.035119906,0.05023981258273125,0.26755852
0.2742475,0.5,0.9801298,-0.003002178,0.47476742,0.98013437,0.035119906,0.05023981258273125,0.2742475
0.28093645,0.5,0.97973263,-0.0029360168,0.47505498,0.97973704,0.035119906,0.05023981258273125,0.28093645
0.2876254,0.5,0.97941107,-0.002851691,0.4753532,0.9794152,0.035119906,0.05023981258273125,0.2876254
0.29431438,0.5,0.9791624,-0.002749633,0.4756614,0.97916627,0.035119906,0.05023981258273125,0.29431438
0.30100334,0.5,0.9789829,-0.0026304834,0.47597837,0.97898644,0.035119906,0.05023981258273125,0.30100334
0.30769232,0.5,0.97886825,-0.0024947487,0.4763031,0.9788714,0.035119906,0.05023981258273125,0.30769232
0.31438127,0.5,0.97881347,-0.0023430772,0.47663411,0.9788163,0.035119906,0.05023981258273125,0.31438127
0.32107022,0.5,0.97881323,-0.0021762066,0.47697,0.9788156,0.035119906,0.05023981258273125,0.32107022
0.3277592,0.5,0.9788609,-0.0019948483,0.47730902,0.97886294,0.035119906,0.05023981258273125,0.3277592
0.33444816,0.5,0.97895,-0.0017997287,0.47764924,0.9789517,0.035119906,0.05023981258273125,0.33444816
0.3411371,0.5,0.979073,-0.0015916638,0.4779889,0.9790743,0.035119906,0.05023981258273125,0.3411371
0.3478261,0.5,0.97922224,-0.001371447,0.47832575,0.9792232,0.035119906,0.05023981258273125,0.3478261
0.35451505,0.5,0.9793896,-0.0011398382,0.4786578,0.97939026,0.035119906,0.05023981258273125,0.35451505
0.361204,0.5,0.9795668,-0.0008976869,0.47898278,0.9795672,0.035119906,0.05023981258273125,0.361204
0.36789298,0.5,0.9797456,-0.00064571574,0.47929853,0.97974586,0.035119906,0.05023981258273125,0.36789298
0.37458193,0.5,0.97991765,-0.0003848076,0.47960278,0.9799177,0.035119906,0.05023981258273125,0.37458193
0.3812709,0.5,0.98007464,-0.00011565164,0.4798934,0.98007464,0.035119906,0.05023981258273125,0.3812709
0.38795987,0.5,0.9802088,0.00016093627,0.48016822,0.9802088,0.035119906,0.05023981258273125,0.38795987
0.39464882,0.5,0.9803129,0.00044427067,0.48042524,0.980313,0.035119906,0.05023981258273125,0.39464882
0.4013378,0.5,0.9803802,0.00073361024,0.48066258,0.9803804,0.035119906,0.05023981258273125,0.4013378
0.40802675,0.5,0.980404,0.0010283068,0.48087835,0.98040456,0.035119906,0.05023981258273125,0.40802675
0.4147157,0.5,0.9803794,0.0013277046,0.481071,0.9803803,0.035119906,0.05023981258273125,0.4147157
0.4214047,0.5,0.98030144,0.0016311742,0.48123902,0.9803028,0.035119906,0.05023981258273125,0.4214047
0.42809364,0.5,0.98016655,0.0019381456,0.48138112,0.98016846,0.035119906,0.05023981258273125,0.42809364
0.4347826,0.5,0.9799719,0.002248045,0.48149627,0.97997445,0.035119906,0.05023981258273125,0.4347826
0.44147158,0.5,0.97971547,0.002560366,0.48158377,0.9797188,0.035119906,0.05023981258273125,0.44147158
0.44816053,0.5,0.9793969,0.0028746538,0.48164287,0.9794011,0.035119906,0.05023981258273125,0.44816053
0.45484948,0.5,0.9790159,0.0031904392,0.48167342,0.97902113,0.035119906,0.05023981258273125,0.45484948
0.46153846,0.5,0.9785739,0.003507346,0.4816753,0.9785802,0.035119906,0.05023981258273125,0.46153846
0.46822742,0.5,0.9780737,0.0038249418,0.48164877,0.97808117,0.035119906,0.05023981258273125,0.46822742
0.4749164,0.5,0.9775186,0.004142951,0.48159447,0.9775274,0.035119906,0.05023981258273125,0.4749164
0.48160535,0.5,0.976913,0.0044609793,0.4815133,0.97692317,0.035119906,0.05023981258273125,0.48160535
0.4882943,0.5,0.9762628,0.004778739,0.48140624,0.9762745,0.035119906,0.05023981258273125,0.4882943
0.4949833,0.5,0.9755744,0.0050959513,0.4812748,0.97558767,0.035119906,0.05023981258273125,0.4949833
0.5016722,0.5,0.9748551,0.0054123104,0.48112065,0.97487015,0.035119906,0.05023981258273125,0.5016722
0.5083612,0.5,0.9741131,0.005727552,0.48094562,0.9741299,0.035119906,0.05023981258273125,0.5083612
0.5150502,0.5,0.9733575,0.0060413517,0.48075187,0.9733762,0.035119906,0.05023981258273125,0.5150502
0.5217391,0.5,0.9725972,0.0063534565,0.48054162,0.9726179,0.035119906,0.05023981258273125,0.5217391
0.5284281,0.5,0.9718419,0.0066635273,0.48031712,0.9718647,0.035119906,0.05023981258273125,0.5284281
0.53511703,0.5,0.97110087,0.0069712177,0.48008084,0.9711259,0.035119906,0.05023981258273125,0.53511703
0.54180604,0.5,0.9703838,0.007276129,0.47983524,0.9704111,0.035119906,0.05023981258273125,0.54180604
0.548495,0.5,0.9696995,0.007577833,0.4795826,0.9697291,0.035119906,0.05023981258273125,0.548495
0.55518395,0.5,0.96905625,0.007875886,0.47932532,0.96908826,0.035119906,0.05023981258273125,0.55518395
0.5618729,0.5,0.9684618,0.008169796,0.4790656,0.96849626,0.035119906,0.05023981258273125,0.5618729
0.56856185,0.5,0.9679229,0.008458927,0.4788054,0.9679599,0.035119906,0.05023981258273125,0.56856185
0.5752508,0.5,0.9674453,0.008742753,0.4785466,0.96748483,0.035119906,0.05023981258273125,0.5752508
0.5819398,0.5,0.9670336,0.009020548,0.47829086,0.9670757,0.035119906,0.05023981258273125,0.5819398
0.58862877,0.5,0.9666913,0.009291578,0.47803974,0.96673596,0.035119906,0.05023981258273125,0.58862877
0.5953177,0.5,0.9664207,0.009555098,0.4777945,0.9664679,0.035119906,0.05023981258273125,0.5953177
0.6020067,0.5,0.9662229,0.009810273,0.47755617,0.9662727,0.035119906,0.05023981258273125,0.6020067
0.6086956,0.5,0.96609837,0.0100561865,0.47732583,0.9661507,0.035119906,0.05023981258273125,0.6086956
0.61538464,0.5,0.9660463,0.01029199,0.47710416,0.9661011,0.035119906,0.05023981258273125,0.61538464
0.6220736,0.5,0.9660651,0.010516737,0.47689164,0.9661223,0.035119906,0.05023981258273125,0.6220736
0.62876254,0.5,0.9661526,0.010729458,0.47668886,0.96621215,0.035119906,0.05023981258273125,0.62876254
0.6354515,0.5,0.96630645,0.0109292455,0.47649622,0.96636826,0.035119906,0.05023981258273125,0.6354515
0.64214045,0.5,0.9665232,0.011115175,0.47631398,0.96658707,0.035119906,0.05023981258273125,0.64214045
0.6488294,0.5,0.9667997,0.011286281,0.47614235,0.96686554,0.035119906,0.05023981258273125,0.6488294
0.6555184,0.5,0.96713233,0.011441853,0.4759815,0.9672,0.035119906,0.05023981258273125,0.6555184
0.66220737,0.5,0.9675175,0.011581056,0.47583154,0.9675868,0.035119906,0.05023981258273125,0.66220737
0.6688963,0.5,0.96795124,0.011703219,0.47569257,0.968022,0.035119906,0.05023981258273125,0.6688963
0.67558527,0.5,0.9684297,0.011807784,0.47556442,0.9685017,0.035119906,0.05023981258273125,0.67558527
0.6822742,0.5,0.9689487,0.011894319,0.4754471,0.96902174,0.035119906,0.05023981258273125,0.6822742
0.68896323,0.5,0.9695038,0.011962581,0.47534052,0.9695776,0.035119906,0.05023981258273125,0.68896323
0.6956522,0.5,0.9700906,0.0120124,0.4752443,0.970165,0.035119906,0.05023981258273125,0.6956522
0.70234114,0.5,0.9707036,0.012043878,0.47515818,0.97077835,0.035119906,0.05023981258273125,0.70234114
0.7090301,0.5,0.9713375,0.012057185,0.47508174,0.9714123,0.035119906,0.05023981258273125,0.7090301
0.71571904,0.5,0.97198623,0.012052823,0.47501427,0.9720609,0.035119906,0.05023981258273125,0.71571904
0.722408,0.5,0.97264284,0.012031358,0.47495523,0.9727172,0.035119906,0.05023981258273125,0.722408
0.729097,0.5,0.97330004,0.011993561,0.47490364,0.9733739,0.035119906,0.05023981258273125,0.729097
0.73578596,0.5,0.9739493,0.011940468,0.4748586,0.9740225,0.035119906,0.05023981258273125,0.73578596
0.7424749,0.5,0.9745823,0.011873115,0.474819,0.9746546,0.035119906,0.05023981258273125,0.7424749
0.74916387,0.5,0.9751889,0.011792928,0.4747836,0.9752602,0.035119906,0.05023981258273125,0.74916387
0.7558528,0.5,0.9757594,0.011701237,0.47475117,0.97582954,0.035119906,0.05023981258273125,0.7558528
0.7625418,0.5,0.97628313,0.011599597,0.4747203,0.97635204,0.035119906,0.05023981258273125,0.7625418
0.7692308,0.5,0.9767492,0.011489641,0.47468957,0.9768168,0.035119906,0.05023981258273125,0.7692308
0.77591974,0.5,0.97714645,0.011373084,0.47465754,0.9772126,0.035119906,0.05023981258273125,0.77591974
0.7826087,0.5,0.97746444,0.01125158,0.47462288,0.97752917,0.035119906,0.05023981258273125,0.7826087
0.78929764,0.5,0.97769225,0.011126902,0.47458416,0.97775555,0.035119906,0.05023981258273125,0.78929764
0.7959866,0.5,0.9778202,0.011000764,0.4745402,0.9778821,0.035119906,0.05023981258273125,0.7959866
0.8026756,0.5,0.97783893,0.010874815,0.47448984,0.97789943,0.035119906,0.05023981258273125,0.8026756
0.80936456,0.5,0.9777408,0.010750625,0.4744322,0.97779995,0.035119906,0.05023981258273125,0.80936456
0.8160535,0.5,0.9775191,0.010629702,0.47436652,0.9775769,0.035119906,0.05023981258273125,0.8160535
0.82274246,0.5,0.9771686,0.010513488,0.47429237,0.9772251,0.035119906,0.05023981258273125,0.82274246
0.8294314,0.5,0.9766862,0.010403115,0.4742095,0.9767416,0.035119906,0.05023981258273125,0.8294314
0.83612037,0.5,0.97607064,0.010299813,0.47411793,0.976125,0.035119906,0.05023981258273125,0.83612037
0.8428094,0.5,0.97532225,0.010204457,0.47401813,0.9753756,0.035119906,0.05023981258273125,0.8428094
0.84949833,0.5,0.9744443,0.010117892,0.47391075,0.97449684,0.035119906,0.05023981258273125,0.84949833
0.8561873,0.5,0.97344154,0.0100408085,0.47379678,0.97349334,0.035119906,0.05023981258273125,0.8561873
0.86287624,0.5,0.9723213,0.0099736415,0.47367764,0.9723724,0.035119906,0.05023981258273125,0.86287624
0.8695652,0.5,0.97109246,0.009916779,0.47355485,0.9711431,0.035119906,0.05023981258273125,0.8695652
0.8762542,0.5,0.9697662,0.009870458,0.47343042,0.96981645,0.035119906,0.05023981258273125,0.8762542
0.88294315,0.5,0.9683557,0.009834666,0.47330627,0.96840566,0.035119906,0.05023981258273125,0.88294315
0.8896321,0.5,0.966875,0.009809401,0.47318494,0.9669248,0.035119906,0.05023981258273125,0.8896321
0.89632106,0.5,0.9653403,0.00979447,0.47306886,0.96538997,0.035119906,0.05023981258273125,0.89632106
0.90301,0.5,0.96376824,0.009789642,0.47296074,0.96381795,0.035119906,0.05023981258273125,0.90301
0.90969896,0.5,0.96217656,0.009794544,0.47286314,0.9622264,0.035119906,0.05023981258273125,0.90969896
0.916388,0.5,0.9605836,0.009808727,0.47277892,0.9606337,0.035119906,0.05023981258273125,0.916388
0.9230769,0.5,0.95900804,0.009831723,0.4727108,0.9590584,0.035119906,0.05023981258273125,0.9230769
0.9297659,0.5,0.9574679,0.009862985,0.4726612,0.9575187,0.035119906,0.05023981258273125,0.9297659
0.93645483,0.5,0.9559816,0.009901833,0.4726329,0.9560329,0.035119906,0.05023981258273125,0.93645483
0.9431438,0.5,0.9545665,0.009947762,0.47262803,0.95461833,0.035119906,0.05023981258273125,0.9431438
0.9498328,0.5,0.95323926,0.009999998,0.47264883,0.9532917,0.035119906,0.05023981258273125,0.9498328
0.95652175,0.5,0.95201546,0.010057982,0.472697,0.95206857,0.035119906,0.05023981258273125,0.95652175
0.9632107,0.5,0.95090944,0.01012091,0.47277427,0.9509633,0.035119906,0.05023981258273125,0.9632107
0.96989965,0.5,0.9499333,0.010188151,0.47288176,0.9499879,0.035119906,0.05023981258273125,0.96989965
0.9765886,0.5,0.9490978,0.010258976,0.47302034,0.94915324,0.035119906,0.05023981258273125,0.9765886
0.98327756,0.5,0.9484123,0.010332789,0.4731906,0.94846857,0.035119906,0.05023981258273125,0.98327756
0.9899666,0.5,0.94788307,0.010408819,0.47339258,0.94794023,0.035119906,0.05023981258273125,0.9899666
0.9966555,0.5,0.9475144,0.010486405,0.473626,0.94757247,0.035119906,0.05023981258273125,0.9966555
1.0033445,0.5,0.9473086,0.010564942,0.47389013,0.94736755,0.035119906,0.05023981258273125,1.0033445
1.0100335,0.5,0.9472652,0.010643821,0.4741839,0.94732505,0.035119906,0.05023981258273125,1.0100335
1.0167224,0.5,0.94738173,0.0107224025,0.47450572,0.9474424,0.035119906,0.05023981258273125,1.0167224
1.0234114,0.5,0.9476532,0.010800201,0.4748538,0.94771475,0.035119906,0.05023981258273125,1.0234114
1.0301003,0.5,0.9480723,0.010876607,0.47522584,0.9481347,0.035119906,0.05023981258273125,1.0301003
1.0367893,0.5,0.94863003,0.010951176,0.4756194,0.9486932,0.035119906,0.05023981258273125,1.0367893
1.0434783,0.5,0.94931537,0.011023369,0.4760316,0.9493794,0.035119906,0.05023981258273125,1.0434783
1.0501672,0.5,0.95011574,0.011092771,0.47645944,0.9501805,0.035119906,0.05023981258273125,1.0501672
1.0568562,0.5,0.9510175,0.011158936,0.47689977,0.95108294,0.035119906,0.05023981258273125,1.0568562
1.0635451,0.5,0.95200586,0.011221442,0.4773493,0.952072,0.035119906,0.05023981258273125,1.0635451
1.0702342,0.5,0.9530654,0.011279885,0.4778047,0.95313215,0.035119906,0.05023981258273125,1.0702342
1.0769231,0.5,0.9541803,0.011333812,0.47826272,0.9542476,0.035119906,0.05023981258273125,1.0769231
1.0836121,0.5,0.9553352,0.011382874,0.47872,0.95540303,0.035119906,0.05023981258273125,1.0836121
1.090301,0.5,0.95651454,0.011426624,0.47917348,0.9565828,0.035119906,0.05023981258273125,1.090301
1.09699,0.5,0.9577033,0.011464689,0.47962007,0.9577719,0.035119906,0.05023981258273125,1.09699
1.103679,0.5,0.95888704,0.011496596,0.4800569,0.95895594,0.035119906,0.05023981258273125,1.103679
1.1103679,0.5,0.9600524,0.011521965,0.48048136,0.9601215,0.035119906,0.05023981258273125,1.1103679
1.1170568,0.5,0.9611865,0.011540312,0.48089087,0.9612558,0.035119906,0.05023981258273125,1.1170568
1.1237458,0.5,0.9622778,0.011551272,0.48128328,0.96234715,0.035119906,0.05023981258273125,1.1237458
1.1304348,0.5,0.9633156,0.011554439,0.48165637,0.9633849,0.035119906,0.05023981258273125,1.1304348
1.1371237,0.5,0.9642901,0.011549331,0.48200837,0.9643592,0.035119906,0.05023981258273125,1.1371237
1.1438127,0.5,0.965192,0.011535626,0.48233745,0.965261,0.035119906,0.05023981258273125,1.1438127
1.1505017,0.5,0.9660138,0.011512991,0.48264202,0.9660824,0.035119906,0.05023981258273125,1.1505017
1.1571907,0.5,0.9667479,0.011481043,0.48292065,0.96681607,0.035119906,0.05023981258273125,1.1571907
1.1638796,0.5,0.9673877,0.011439476,0.48317194,0.9674553,0.035119906,0.05023981258273125,1.1638796
1.1705686,0.5,0.96792704,0.011388067,0.48339456,0.96799403,0.035119906,0.05023981258273125,1.1705686
1.1772575,0.5,0.96836066,0.0113266,0.48358738,0.9684269,0.035119906,0.05023981258273125,1.1772575
1.1839465,0.5,0.96868354,0.011254903,0.48374918,0.9687489,0.035119906,0.05023981258273125,1.1839465
1.1906354,0.5,0.96889156,0.011172835,0.48387882,0.968956,0.035119906,0.05023981258273125,1.1906354
1.1973244,0.5,0.9689802,0.011080336,0.48397517,0.96904355,0.035119906,0.05023981258273125,1.1973244
1.2040133,0.5,0.96894616,0.010977287,0.4840371,0.9690083,0.035119906,0.05023981258273125,1.2040133
1.2107023,0.5,0.9687865,0.010863736,0.48406354,0.9688474,0.035119906,0.05023981258273125,1.2107023
1.2173913,0.5,0.9684987,0.010739718,0.48405343,0.96855825,0.035119906,0.05023981258273125,1.2173913
1.2240803,0.5,0.9680805,0.010605268,0.48400566,0.96813864,0.035119906,0.05023981258273125,1.2240803
1.2307693,0.5,0.96753126,0.010460425,0.48391932,0.9675878,0.035119906,0.05023981258273125,1.2307693
1.2374582,0.5,0.9668498,0.0103053115,0.48379335,0.9669047,0.035119906,0.05023981258273125,1.2374582
1.2441472,0.5,0.96603644,0.010140035,0.483627,0.96608967,0.035119906,0.05023981258273125,1.2441472
1.2508361,0.5,0.9650919,0.009964686,0.4834194,0.9651433,0.035119906,0.05023981258273125,1.2508361
1.2575251,0.5,0.96401805,0.009779435,0.48316982,0.96406764,0.035119906,0.05023981258273125,1.2575251
1.264214,0.5,0.962817,0.009584349,0.48287758,0.9628647,0.035119906,0.05023981258273125,1.264214
1.270903,0.5,0.9614925,0.009379592,0.4825424,0.96153826,0.035119906,0.05023981258273125,1.270903
1.277592,0.5,0.9600482,0.0091652535,0.4821638,0.96009195,0.035119906,0.05023981258273125,1.277592
1.2842809,0.5,0.95848936,0.00894146,0.48174155,0.958531,0.035119906,0.05023981258273125,1.2842809
1.2909698,0.5,0.9568216,0.00870835,0.48127562,0.95686126,0.035119906,0.05023981258273125,1.2909698
1.2976589,0.5,0.95505106,0.0084660165,0.48076618,0.95508856,0.035119906,0.05023981258273125,1.2976589
1.3043479,0.5,0.9531847,0.008214612,0.4802133,0.9532201,0.035119906,0.05023981258273125,1.3043479
1.3110368,0.5,0.95123,0.007954244,0.4796176,0.95126325,0.035119906,0.05023981258273125,1.3110368
1.3177258,0.5,0.94919467,0.0076851137,0.47897944,0.9492258,0.035119906,0.05023981258273125,1.3177258
1.3244147,0.5,0.9470868,0.007407397,0.4782996,0.9471158,0.035119906,0.05023981258273125,1.3244147
1.3311037,0.5,0.94491464,0.007121224,0.4775788,0.94494146,0.035119906,0.05023981258273125,1.3311037
1.3377926,0.5,0.9426862,0.006826889,0.47681803,0.94271094,0.035119906,0.05023981258273125,1.3377926
1.3444816,0.5,0.9404096,0.006524682,0.47601828,0.94043225,0.035119906,0.05023981258273125,1.3444816
1.3511705,0.5,0.9380925,0.00621498,0.47518066,0.9381131,0.035119906,0.05023981258273125,1.3511705
1.3578595,0.5,0.93574226,0.0058981217,0.4743064,0.93576086,0.035119906,0.05023981258273125,1.3578595
1.3645484,0.5,0.9333652,0.0055745877,0.47339678,0.93338186,0.035119906,0.05023981258273125,1.3645484
1.3712375,0.5,0.9309675,0.0052449293,0.4724529,0.9309823,0.035119906,0.05023981258273125,1.3712375
1.3779265,0.5,0.9285544,0.0049097203,0.47147632,0.9285674,0.035119906,0.05023981258273125,1.3779265
1.3846154,0.5,0.9261296,0.004569728,0.4704681,0.92614084,0.035119906,0.05023981258273125,1.3846154
1.3913044,0.5,0.92369664,0.004225716,0.4694297,0.9237063,0.035119906,0.05023981258273125,1.3913044
1.3979933,0.5,0.9212579,0.0038785376,0.46836236,0.9212661,0.035119906,0.05023981258273125,1.3979933
1.4046823,0.5,0.9188147,0.003529124,0.46726742,0.91882145,0.035119906,0.05023981258273125,1.4046823
1.4113712,0.5,0.91636795,0.0031785853,0.4661462,0.9163735,0.035119906,0.05023981258273125,1.4113712
1.4180602,0.5,0.91391736,0.002827987,0.46499988,0.9139217,0.035119906,0.05023981258273125,1.4180602
1.4247491,0.5,0.9114631,0.0024785064,0.4638299,0.9114665,0.035119906,0.05023981258273125,1.4247491
1.4314381,0.5,0.9090042,0.0021313764,0.46263763,0.9090067,0.035119906,0.05023981258273125,1.4314381
1.438127,0.5,0.9065407,0.0017878078,0.4614246,0.9065425,0.035119906,0.05023981258273125,1.438127
1.4448161,0.5,0.9040722,0.0014490858,0.46019238,0.90407336,0.035119906,0.05023981258273125,1.4448161
1.4515051,0.5,0.90159965,0.0011165477,0.45894274,0.90160036,0.035119906,0.05023981258273125,1.4515051
1.458194,0.5,0.89912504,0.0007914491,0.45767763,0.8991254,0.035119906,0.05023981258273125,1.458194
1.464883,0.5,0.8966513,0.00047497824,0.45639932,0.89665145,0.035119906,0.05023981258273125,1.464883
1.4715719,0.5,0.89418286,0.0001683496,0.45511013,0.89418286,0.035119906,0.05023981258273125,1.4715719
1.4782609,0.5,0.8917263,-0.00012724102,0.45381287,0.8917263,0.035119906,0.05023981258273125,1.4782609
1.4849498,0.5,0.8892897,-0.0004108101,0.4525104,0.8892898,0.035119906,0.05023981258273125,1.4849498
1.4916388,0.5,0.8868832,-0.0006812997,0.4512061,0.88688344,0.035119906,0.05023981258273125,1.4916388
1.4983277,0.5,0.8845191,-0.00093784183,0.44990352,0.8845196,0.035119906,0.05023981258273125,1.4983277
1.5050167,0.5,0.8822112,-0.0011795871,0.4486063,0.882212,0.035119906,0.05023981258273125,1.5050167
1.5117056,0.5,0.87997514,-0.0014059059,0.4473186,0.8799763,0.035119906,0.05023981258273125,1.5117056
1.5183947,0.5,0.87782824,-0.0016160943,0.44604462,0.87782973,0.035119906,0.05023981258273125,1.5183947
1.5250837,0.5,0.87578845,-0.001809705,0.4447886,0.8757903,0.035119906,0.05023981258273125,1.5250837
1.5317726,0.5,0.8738744,-0.001986213,0.44355488,0.8738767,0.035119906,0.05023981258273125,1.5317726
1.5384616,0.5,0.87210536,-0.0021453127,0.44234776,0.872108,0.035119906,0.05023981258273125,1.5384616
1.5451505,0.5,0.8704999,-0.0022866614,0.4411714,0.87050295,0.035119906,0.05023981258273125,1.5451505
1.5518395,0.5,0.8690761,-0.0024100952,0.44002986,0.8690794,0.035119906,0.05023981258273125,1.5518395
1.5585284,0.5,0.8678503,-0.0025154091,0.43892673,0.86785394,0.035119906,0.05023981258273125,1.5585284
1.5652174,0.5,0.8668368,-0.0026025027,0.43786508,0.8668407,0.035119906,0.05023981258273125,1.5652174
1.5719063,0.5,0.8660472,-0.0026712194,0.4368479,0.8660513,0.035119906,0.05023981258273125,1.5719063
1.5785953,0.5,0.86549073,-0.0027215146,0.43587723,0.865495,0.035119906,0.05023981258273125,1.5785953
1.5852842,0.5,0.8651721,-0.0027533323,0.4349546,0.8651765,0.035119906,0.05023981258273125,1.5852842
1.5919733,0.5,0.8650929,-0.0027665757,0.43408096,0.8650973,0.035119906,0.05023981258273125,1.5919733
1.5986623,0.5,0.86525023,-0.0027612336,0.43325648,0.86525464,0.035119906,0.05023981258273125,1.5986623
1.6053512,0.5,0.8656372,-0.0027372837,0.43248054,0.86564153,0.035119906,0.05023981258273125,1.6053512
1.6120402,0.5,0.86624223,-0.0026946664,0.431752,0.86624646,0.035119906,0.05023981258273125,1.6120402
1.6187291,0.5,0.86704975,-0.0026333742,0.4310689,0.86705375,0.035119906,0.05023981258273125,1.6187291
1.6254181,0.5,0.8680405,-0.0025534965,0.4304288,0.86804426,0.035119906,0.05023981258273125,1.6254181
1.632107,0.5,0.86919135,-0.0024550147,0.42982876,0.8691948,0.035119906,0.05023981258273125,1.632107
1.638796,0.5,0.87047565,-0.0023381487,0.42926535,0.8704788,0.035119906,0.05023981258273125,1.638796
1.6454849,0.5,0.8718653,-0.002203036,0.4287347,0.8718681,0.035119906,0.05023981258273125,1.6454849
1.6521739,0.5,0.873329,-0.0020500198,0.4282331,0.8733314,0.035119906,0.05023981258273125,1.6521739
1.6588628,0.5,0.87483454,-0.0018794239,0.42775625,0.8748365,0.035119906,0.05023981258273125,1.6588628
1.6655519,0.5,0.87634957,-0.0016917922,0.42730033,0.8763512,0.035119906,0.05023981258273125,1.6655519
1.6722409,0.5,0.8778415,-0.0014878437,0.4268616,0.8778427,0.035119906,0.05023981258273125,1.6722409
1.6789298,0.5,0.87927854,-0.0012682192,0.42643645,0.8792795,0.035119906,0.05023981258273125,1.6789298
1.6856188,0.5,0.880631,-0.0010338612,0.42602172,0.8806316,0.035119906,0.05023981258273125,1.6856188
1.6923077,0.5,0.8818717,-0.00078580156,0.42561483,0.88187206,0.035119906,0.05023981258273125,1.6923077
1.6989967,0.5,0.8829754,-0.0005252063,0.42521355,0.8829756,0.035119906,0.05023981258273125,1.6989967
1.7056856,0.5,0.8839214,-0.00025327504,0.4248165,0.8839214,0.035119906,0.05023981258273125,1.7056856
1.7123746,0.5,0.8846924,2.8613955e-05,0.42442265,0.8846924,0.035119906,0.05023981258273125,1.7123746
1.7190635,0.5,0.8852749,0.0003190115,0.42403194,0.88527495,0.035119906,0.05023981258273125,1.7190635
1.7257525,0.5,0.88565964,0.0006164834,0.42364457,0.8856599,0.035119906,0.05023981258273125,1.7257525
1.7324414,0.5,0.8858415,0.00091951713,0.4232614,0.88584197,0.035119906,0.05023981258273125,1.7324414
1.7391304,0.5,0.88581836,0.0012266599,0.42288378,0.8858192,0.035119906,0.05023981258273125,1.7391304
1.7458194,0.5,0.8855927,0.0015363581,0.42251348,0.885594,0.035119906,0.05023981258273125,1.7458194
1.7525084,0.5,0.8851689,0.0018473193,0.4221524,0.8851708,0.035119906,0.05023981258273125,1.7525084
1.7591974,0.5,0.88455343,0.0021581165,0.42180267,0.88455606,0.035119906,0.05023981258273125,1.7591974
1.7658863,0.5,0.8837548,0.0024675615,0.42146638,0.88375825,0.035119906,0.05023981258273125,1.7658863
1.7725753,0.5,0.88278294,0.0027744882,0.4211456,0.8827873,0.035119906,0.05023981258273125,1.7725753
1.7792642,0.5,0.88164794,0.003077887,0.4208422,0.8816533,0.035119906,0.05023981258273125,1.7792642
1.7859532,0.5,0.88035965,0.0033768788,0.42055777,0.88036615,0.035119906,0.05023981258273125,1.7859532
1.7926421,0.5,0.87892807,0.0036707222,0.4202936,0.8789357,0.035119906,0.05023981258273125,1.7926421
1.7993311,0.5,0.8773622,0.00395881,0.42005062,0.87737113,0.035119906,0.05023981258273125,1.7993311
1.80602,0.5,0.87567014,0.0042406805,0.4198293,0.87568045,0.035119906,0.05023981258273125,1.80602
1.812709,0.5,0.87385887,0.004515998,0.41962975,0.87387055,0.035119906,0.05023981258273125,1.812709
1.819398,0.5,0.87193406,0.0047846064,0.41945168,0.87194717,0.035119906,0.05023981258273125,1.819398
1.826087,0.5,0.86990005,0.005046431,0.4192942,0.86991465,0.035119906,0.05023981258273125,1.826087
1.832776,0.5,0.86775994,0.005301494,0.41915634,0.86777616,0.035119906,0.05023981258273125,1.832776
1.8394649,0.5,0.86551476,0.005549986,0.41903633,0.8655325,0.035119906,0.05023981258273125,1.8394649
1.8461539,0.5,0.8631651,0.005792219,0.41893235,0.8631845,0.035119906,0.05023981258273125,1.8461539
1.8528428,0.5,0.86070925,0.006028477,0.418842,0.86073035,0.035119906,0.05023981258273125,1.8528428
1.8595318,0.5,0.8581447,0.006259244,0.41876268,0.8581675,0.035119906,0.05023981258273125,1.8595318
1.8662207,0.5,0.85546726,0.00648503,0.4186914,0.8554919,0.035119906,0.05023981258273125,1.8662207
1.8729097,0.5,0.8526714,0.0067063235,0.41862485,0.8526978,0.035119906,0.05023981258273125,1.8729097
1.8795986,0.5,0.8497498,0.0069237836,0.4185594,0.849778,0.035119906,0.05023981258273125,1.8795986
1.8862876,0.5,0.8466944,0.007138036,0.41849124,0.8467245,0.035119906,0.05023981258273125,1.8862876
1.8929766,0.5,0.8434954,0.0073496588,0.41841638,0.84352744,0.035119906,0.05023981258273125,1.8929766
1.8996656,0.5,0.8401426,0.0075593255,0.41833055,0.8401766,0.035119906,0.05023981258273125,1.8996656
1.9063545,0.5,0.8366238,0.007767625,0.4182293,0.83665985,0.035119906,0.05023981258273125,1.9063545
1.9130435,0.5,0.83292663,0.007975131,0.41810828,0.8329648,0.035119906,0.05023981258273125,1.9130435
1.9197325,0.5,0.8290376,0.008182451,0.417963,0.82907796,0.035119906,0.05023981258273125,1.9197325
1.9264214,0.5,0.82494354,0.008390073,0.41778892,0.8249862,0.035119906,0.05023981258273125,1.9264214
1.9331104,0.5,0.8206307,0.008598395,0.41758168,0.82067573,0.035119906,0.05023981258273125,1.9331104
1.9397993,0.5,0.8160857,0.008807842,0.4173371,0.8161332,0.035119906,0.05023981258273125,1.9397993
1.9464883,0.5,0.81129616,0.009018727,0.41705117,0.8113463,0.035119906,0.05023981258273125,1.9464883
1.9531772,0.5,0.80625045,0.0092313215,0.41672024,0.8063033,0.035119906,0.05023981258273125,1.9531772
1.9598662,0.5,0.80093807,0.009445798,0.41634092,0.80099374,0.035119906,0.05023981258273125,1.9598662
1.9665552,0.5,0.7953513,0.0096623115,0.4159104,0.79541,0.035119906,0.05023981258273125,1.9665552
1.9732442,0.5,0.78948396,0.009880867,0.41542625,0.7895458,0.035119906,0.05023981258273125,1.9732442
1.9799331,0.5,0.7833329,0.010101486,0.41488665,0.783398,0.035119906,0.05023981258273125,1.9799331
1.9866221,0.5,0.7768971,0.010324102,0.4142903,0.7769657,0.035119906,0.05023981258273125,1.9866221
1.993311,0.5,0.770179,0.010548722,0.4136366,0.7702512,0.035119906,0.05023981258273125,1.993311
2.0,0.5,0.7631841,0.010775194,0.4129254,0.7632601,0.035119906,0.05023981258273125,2.0
