x,y,u_velocity,v_velocity,pressure,boundary_type,learned_viscosity_param
0.0,0.0,0.084676184,0.022100586,0.33005446,inlet,0.05023981258273125
0.0,0.0050251256,0.0947148,0.021502491,0.33194768,inlet,0.05023981258273125
0.0,0.010050251,0.10544504,0.020888861,0.33394194,inlet,0.05023981258273125
0.0,0.015075376,0.11684116,0.020261426,0.3360325,inlet,0.05023981258273125
0.0,0.020100502,0.12887536,0.019621998,0.3382145,inlet,0.05023981258273125
0.0,0.025125628,0.14151752,0.018972524,0.3404824,inlet,0.05023981258273125
0.0,0.030150753,0.15473577,0.018315043,0.34283054,inlet,0.05023981258273125
0.0,0.03517588,0.16849628,0.01765168,0.3452529,inlet,0.05023981258273125
0.0,0.040201005,0.18276349,0.016984735,0.34774306,inlet,0.05023981258273125
0.0,0.04522613,0.19750023,0.016316481,0.35029447,inlet,0.05023981258273125
0.0,0.050251257,0.21266852,0.015649296,0.3529003,inlet,0.05023981258273125
0.0,0.055276383,0.22822826,0.014985658,0.3555536,inlet,0.05023981258273125
0.0,0.060301505,0.24413848,0.014328014,0.35824713,inlet,0.05023981258273125
0.0,0.06532663,0.26035762,0.013678879,0.36097378,inlet,0.05023981258273125
0.0,0.07035176,0.27684286,0.013040692,0.36372608,inlet,0.05023981258273125
0.0,0.07537688,0.29355127,0.012415931,0.36649677,inlet,0.05023981258273125
0.0,0.08040201,0.31043887,0.011806969,0.36927852,inlet,0.05023981258273125
0.0,0.085427135,0.3274618,0.011216175,0.37206417,inlet,0.05023981258273125
0.0,0.09045226,0.34457672,0.010645736,0.37484655,inlet,0.05023981258273125
0.0,0.09547739,0.36173958,0.010097694,0.37761873,inlet,0.05023981258273125
0.0,0.10050251,0.37890774,0.009574048,0.38037404,inlet,0.05023981258273125
0.0,0.10552764,0.39603907,0.0090764575,0.38310602,inlet,0.05023981258273125
0.0,0.110552765,0.41309243,0.008606594,0.38580856,inlet,0.05023981258273125
0.0,0.11557789,0.43002808,0.008165788,0.3884759,inlet,0.05023981258273125
0.0,0.12060301,0.44680822,0.007755164,0.39110264,inlet,0.05023981258273125
0.0,0.12562814,0.4633966,0.007375706,0.39368376,inlet,0.05023981258273125
0.0,0.13065326,0.47975874,0.0070280805,0.39621475,inlet,0.05023981258273125
0.0,0.1356784,0.49586278,0.006712813,0.3986914,inlet,0.05023981258273125
0.0,0.14070351,0.51167935,0.0064301603,0.40111017,inlet,0.05023981258273125
0.0,0.14572865,0.5271809,0.0061801597,0.40346768,inlet,0.05023981258273125
0.0,0.15075377,0.54234266,0.005962696,0.40576127,inlet,0.05023981258273125
0.0,0.1557789,0.5571425,0.0057774633,0.4079883,inlet,0.05023981258273125
0.0,0.16080402,0.5715605,0.0056238994,0.41014704,inlet,0.05023981258273125
0.0,0.16582914,0.58557904,0.0055014677,0.41223565,inlet,0.05023981258273125
0.0,0.17085427,0.5991832,0.0054092705,0.4142528,inlet,0.05023981258273125
0.0,0.17587939,0.61235976,0.005346503,0.4161975,inlet,0.05023981258273125
0.0,0.18090452,0.62509835,0.005312022,0.41806915,inlet,0.05023981258273125
0.0,0.18592964,0.63739014,0.0053047948,0.4198672,inlet,0.05023981258273125
0.0,0.19095477,0.64922845,0.0053235404,0.42159143,inlet,0.05023981258273125
0.0,0.1959799,0.6606089,0.005367037,0.42324188,inlet,0.05023981258273125
0.0,0.20100503,0.67152894,0.005433861,0.42481893,inlet,0.05023981258273125
0.0,0.20603015,0.68198806,0.0055225194,0.4263231,inlet,0.05023981258273125
0.0,0.21105528,0.6919879,0.0056315996,0.4277552,inlet,0.05023981258273125
0.0,0.2160804,0.701532,0.00575931,0.42911622,inlet,0.05023981258273125
0.0,0.22110553,0.7106259,0.005904205,0.43040738,inlet,0.05023981258273125
0.0,0.22613065,0.7192781,0.0060643964,0.43163052,inlet,0.05023981258273125
0.0,0.23115578,0.7274977,0.00623814,0.43278715,inlet,0.05023981258273125
0.0,0.2361809,0.7352967,0.0064236037,0.43387955,inlet,0.05023981258273125
0.0,0.24120602,0.74268866,0.006618824,0.4349098,inlet,0.05023981258273125
0.0,0.24623115,0.7496892,0.006821852,0.4358805,inlet,0.05023981258273125
0.0,0.2512563,0.7563158,0.007030733,0.43679455,inlet,0.05023981258273125
0.0,0.2562814,0.7625861,0.00724338,0.43765453,inlet,0.05023981258273125
0.0,0.26130652,0.7685206,0.0074577928,0.43846366,inlet,0.05023981258273125
0.0,0.26633164,0.7741399,0.0076719373,0.43922505,inlet,0.05023981258273125
0.0,0.2713568,0.779466,0.007883735,0.43994197,inlet,0.05023981258273125
0.0,0.2763819,0.78452075,0.008091256,0.4406177,inlet,0.05023981258273125
0.0,0.28140703,0.7893274,0.008292373,0.44125557,inlet,0.05023981258273125
0.0,0.28643215,0.79390854,0.008485403,0.44185898,inlet,0.05023981258273125
0.0,0.2914573,0.7982875,0.008668341,0.44243112,inlet,0.05023981258273125
0.0,0.2964824,0.80248666,0.008839551,0.4429754,inlet,0.05023981258273125
0.0,0.30150753,0.80652857,0.008997377,0.44349495,inlet,0.05023981258273125
0.0,0.30653265,0.81043494,0.009140257,0.44399276,inlet,0.05023981258273125
0.0,0.3115578,0.8142272,0.00926676,0.44447201,inlet,0.05023981258273125
0.0,0.31658292,0.8179252,0.009375747,0.44493535,inlet,0.05023981258273125
0.0,0.32160804,0.8215494,0.009466108,0.4453857,inlet,0.05023981258273125
0.0,0.32663316,0.8251173,0.00953697,0.44582543,inlet,0.05023981258273125
0.0,0.33165827,0.8286469,0.009587429,0.44625697,inlet,0.05023981258273125
0.0,0.33668342,0.8321538,0.009617005,0.44668242,inlet,0.05023981258273125
0.0,0.34170854,0.83565354,0.009625331,0.4471039,inlet,0.05023981258273125
0.0,0.34673366,0.8391596,0.009612083,0.44752303,inlet,0.05023981258273125
0.0,0.35175878,0.8426838,0.009577315,0.4479415,inlet,0.05023981258273125
0.0,0.35678393,0.8462384,0.009521175,0.4483607,inlet,0.05023981258273125
0.0,0.36180905,0.84983194,0.009443898,0.44878167,inlet,0.05023981258273125
0.0,0.36683416,0.8534733,0.009346075,0.44920543,inlet,0.05023981258273125
0.0,0.37185928,0.8571696,0.009228293,0.4496328,inlet,0.05023981258273125
0.0,0.37688443,0.8609266,0.009091258,0.45006418,inlet,0.05023981258273125
0.0,0.38190955,0.8647487,0.008935984,0.4505001,inlet,0.05023981258273125
0.0,0.38693467,0.86863923,0.008763529,0.45094055,inlet,0.05023981258273125
0.0,0.3919598,0.8726007,0.008574985,0.4513857,inlet,0.05023981258273125
0.0,0.39698493,0.87663376,0.008371655,0.4518354,inlet,0.05023981258273125
0.0,0.40201005,0.8807384,0.008154828,0.45228928,inlet,0.05023981258273125
0.0,0.40703517,0.8849139,0.007925909,0.45274684,inlet,0.05023981258273125
0.0,0.4120603,0.8891574,0.0076864436,0.45320782,inlet,0.05023981258273125
0.0,0.4170854,0.89346623,0.0074378066,0.45367122,inlet,0.05023981258273125
0.0,0.42211056,0.8978363,0.0071815737,0.45413652,inlet,0.05023981258273125
0.0,0.42713568,0.9022622,0.0069193207,0.45460257,inlet,0.05023981258273125
0.0,0.4321608,0.906738,0.0066524856,0.45506868,inlet,0.05023981258273125
0.0,0.4371859,0.9112563,0.0063825473,0.45553368,inlet,0.05023981258273125
0.0,0.44221106,0.9158091,0.006111134,0.4559963,inlet,0.05023981258273125
0.0,0.44723618,0.9203869,0.0058395714,0.45645556,inlet,0.05023981258273125
0.0,0.4522613,0.9249799,0.005569201,0.45690995,inlet,0.05023981258273125
0.0,0.45728642,0.92957675,0.005301431,0.45735815,inlet,0.05023981258273125
0.0,0.46231157,0.9341651,0.005037423,0.45779866,inlet,0.05023981258273125
0.0,0.46733668,0.9387312,0.004778549,0.4582298,inlet,0.05023981258273125
0.0,0.4723618,0.94326204,0.0045257136,0.45865008,inlet,0.05023981258273125
0.0,0.47738692,0.9477415,0.004280053,0.4590575,inlet,0.05023981258273125
0.0,0.48241204,0.95215416,0.0040425174,0.45945022,inlet,0.05023981258273125
0.0,0.4874372,0.9564837,0.0038139522,0.4598264,inlet,0.05023981258273125
0.0,0.4924623,0.9607125,0.0035951957,0.46018377,inlet,0.05023981258273125
0.0,0.49748743,0.96482277,0.0033870004,0.46052024,inlet,0.05023981258273125
0.0,0.5025126,0.9687966,0.0031900294,0.46083346,inlet,0.05023981258273125
0.0,0.5075377,0.97261506,0.0030049644,0.46112087,inlet,0.05023981258273125
0.0,0.5125628,0.9762597,0.0028322935,0.4613802,inlet,0.05023981258273125
0.0,0.51758796,0.9797114,0.0026725717,0.46160865,inlet,0.05023981258273125
0.0,0.52261305,0.9829513,0.0025263615,0.46180367,inlet,0.05023981258273125
0.0,0.5276382,0.98596084,0.002394069,0.4619625,inlet,0.05023981258273125
0.0,0.53266335,0.9887209,0.002276171,0.4620823,inlet,0.05023981258273125
0.0,0.53768843,0.99121356,0.0021729767,0.46216038,inlet,0.05023981258273125
0.0,0.5427136,0.9934207,0.0020849444,0.46219382,inlet,0.05023981258273125
0.0,0.5477387,0.9953246,0.002012428,0.46217993,inlet,0.05023981258273125
0.0,0.5527638,0.9969083,0.0019556321,0.46211585,inlet,0.05023981258273125
0.0,0.55778897,0.9981555,0.0019149929,0.46199915,inlet,0.05023981258273125
0.0,0.5628141,0.9990504,0.0018906668,0.46182707,inlet,0.05023981258273125
0.0,0.5678392,0.9995785,0.0018829368,0.46159735,inlet,0.05023981258273125
0.0,0.5728643,0.9997257,0.0018920265,0.46130762,inlet,0.05023981258273125
0.0,0.57788944,0.99947846,0.0019180626,0.4609558,inlet,0.05023981258273125
0.0,0.5829146,0.9988246,0.0019613504,0.4605399,inlet,0.05023981258273125
0.0,0.58793974,0.99775267,0.0020218492,0.46005824,inlet,0.05023981258273125
0.0,0.5929648,0.9962523,0.0020998493,0.45950928,inlet,0.05023981258273125
0.0,0.5979899,0.99431336,0.0021954663,0.4588916,inlet,0.05023981258273125
0.0,0.60301507,0.991927,0.0023087747,0.45820412,inlet,0.05023981258273125
0.0,0.6080402,0.9890851,0.0024399944,0.4574458,inlet,0.05023981258273125
0.0,0.61306536,0.98577976,0.0025892816,0.45661592,inlet,0.05023981258273125
0.0,0.61809045,0.98200405,0.0027567632,0.45571372,inlet,0.05023981258273125
0.0,0.62311554,0.97775126,0.002942726,0.45473886,inlet,0.05023981258273125
0.0,0.6281407,0.9730151,0.0031474046,0.45369086,inlet,0.05023981258273125
0.0,0.63316584,0.9677899,0.003370989,0.45256963,inlet,0.05023981258273125
0.0,0.638191,0.96206975,0.003613837,0.45137486,inlet,0.05023981258273125
0.0,0.6432161,0.95585024,0.003876146,0.45010683,inlet,0.05023981258273125
0.0,0.6482412,0.9491266,0.0041582696,0.44876528,inlet,0.05023981258273125
0.0,0.6532663,0.9418942,0.004460465,0.4473504,inlet,0.05023981258273125
0.0,0.65829146,0.9341494,0.0047829933,0.4458625,inlet,0.05023981258273125
0.0,0.6633166,0.92588973,0.005126033,0.44430175,inlet,0.05023981258273125
0.0,0.66834176,0.91711223,0.0054897144,0.44266847,inlet,0.05023981258273125
0.0,0.67336684,0.9078164,0.005874153,0.44096294,inlet,0.05023981258273125
0.0,0.67839193,0.89800143,0.0062794164,0.43918583,inlet,0.05023981258273125
0.0,0.6834171,0.8876684,0.006705243,0.43733755,inlet,0.05023981258273125
0.0,0.68844223,0.8768196,0.007151529,0.4354187,inlet,0.05023981258273125
0.0,0.6934674,0.86545914,0.007617779,0.43343005,inlet,0.05023981258273125
0.0,0.69849247,0.8535924,0.008103669,0.43137246,inlet,0.05023981258273125
0.0,0.70351756,0.84122705,0.008608427,0.42924684,inlet,0.05023981258273125
0.0,0.7085427,0.8283724,0.009131316,0.4270544,inlet,0.05023981258273125
0.0,0.71356785,0.81504047,0.009671364,0.4247965,inlet,0.05023981258273125
0.0,0.718593,0.80124503,0.01022752,0.4224745,inlet,0.05023981258273125
0.0,0.7236181,0.7870031,0.010798439,0.42009044,inlet,0.05023981258273125
0.0,0.7286432,0.7723335,0.011382829,0.41764617,inlet,0.05023981258273125
0.0,0.7336683,0.75725806,0.01197904,0.41514418,inlet,0.05023981258273125
0.0,0.7386935,0.7418014,0.012585446,0.41258705,inlet,0.05023981258273125
0.0,0.7437186,0.72599083,0.013200317,0.40997794,inlet,0.05023981258273125
0.0,0.7487437,0.70985675,0.01382174,0.4073203,inlet,0.05023981258273125
0.0,0.75376886,0.6934316,0.01444773,0.40461797,inlet,0.05023981258273125
0.0,0.75879395,0.6767508,0.015076287,0.40187535,inlet,0.05023981258273125
0.0,0.7638191,0.6598517,0.015705418,0.39909708,inlet,0.05023981258273125
0.0,0.76884425,0.6427739,0.016333085,0.39628813,inlet,0.05023981258273125
0.0,0.77386934,0.6255598,0.016957294,0.39345434,inlet,0.05023981258273125
0.0,0.7788945,0.6082519,0.017576084,0.3906015,inlet,0.05023981258273125
0.0,0.7839196,0.5908958,0.018187556,0.38773593,inlet,0.05023981258273125
0.0,0.7889447,0.5735366,0.018789876,0.38486412,inlet,0.05023981258273125
0.0,0.79396987,0.556221,0.01938136,0.38199314,inlet,0.05023981258273125
0.0,0.79899496,0.53899586,0.019960433,0.37912983,inlet,0.05023981258273125
0.0,0.8040201,0.52190745,0.02052563,0.37628153,inlet,0.05023981258273125
0.0,0.8090452,0.50500226,0.021075506,0.3734554,inlet,0.05023981258273125
0.0,0.81407034,0.48832518,0.02160899,0.37065884,inlet,0.05023981258273125
0.0,0.8190955,0.47192067,0.022124968,0.36789897,inlet,0.05023981258273125
0.0,0.82412064,0.45583078,0.022622544,0.36518282,inlet,0.05023981258273125
0.0,0.8291457,0.44009626,0.023100924,0.36251736,inlet,0.05023981258273125
0.0,0.8341709,0.42475522,0.02355947,0.35990897,inlet,0.05023981258273125
0.0,0.83919597,0.40984353,0.02399766,0.35736406,inlet,0.05023981258273125
0.0,0.8442211,0.39539388,0.02441514,0.35488844,inlet,0.05023981258273125
0.0,0.84924626,0.3814366,0.02481157,0.35248747,inlet,0.05023981258273125
0.0,0.85427135,0.36799914,0.025186788,0.35016626,inlet,0.05023981258273125
0.0,0.8592965,0.35510516,0.025540754,0.3479292,inlet,0.05023981258273125
0.0,0.8643216,0.34277654,0.02587336,0.3457805,inlet,0.05023981258273125
0.0,0.86934674,0.33103102,0.026184723,0.34372354,inlet,0.05023981258273125
0.0,0.8743719,0.31988448,0.026474964,0.34176153,inlet,0.05023981258273125
0.0,0.879397,0.3093496,0.026744246,0.33989716,inlet,0.05023981258273125
0.0,0.8844221,0.2994371,0.026992708,0.33813265,inlet,0.05023981258273125
0.0,0.8894472,0.29015535,0.027220659,0.3364699,inlet,0.05023981258273125
0.0,0.89447236,0.28151023,0.027428294,0.33491045,inlet,0.05023981258273125
0.0,0.8994975,0.27350652,0.02761584,0.33345544,inlet,0.05023981258273125
0.0,0.9045226,0.26614726,0.027783567,0.3321059,inlet,0.05023981258273125
0.0,0.90954775,0.25943387,0.027931757,0.3308625,inlet,0.05023981258273125
0.0,0.91457283,0.25336725,0.02806058,0.3297257,inlet,0.05023981258273125
0.0,0.919598,0.24794686,0.02817031,0.32869595,inlet,0.05023981258273125
0.0,0.92462313,0.24317151,0.02826116,0.32777327,inlet,0.05023981258273125
0.0,0.9296482,0.23903948,0.028333332,0.32695788,inlet,0.05023981258273125
0.0,0.93467337,0.23554814,0.028386962,0.32624957,inlet,0.05023981258273125
0.0,0.9396985,0.23269472,0.028422276,0.32564834,inlet,0.05023981258273125
0.0,0.9447236,0.2304756,0.028439382,0.32515383,inlet,0.05023981258273125
0.0,0.94974875,0.22888684,0.028438445,0.32476574,inlet,0.05023981258273125
0.0,0.95477384,0.22792327,0.02841962,0.32448354,inlet,0.05023981258273125
0.0,0.959799,0.22757971,0.028382953,0.32430667,inlet,0.05023981258273125
0.0,0.96482414,0.22784966,0.028328694,0.3242343,inlet,0.05023981258273125
0.0,0.9698492,0.22872593,0.028256893,0.32426572,inlet,0.05023981258273125
0.0,0.9748744,0.23019996,0.028167732,0.32439965,inlet,0.05023981258273125
0.0,0.9798995,0.23226228,0.028061409,0.32463494,inlet,0.05023981258273125
0.0,0.9849246,0.23490176,0.027938057,0.32497,inlet,0.05023981258273125
0.0,0.98994976,0.23810548,0.027797986,0.32540303,inlet,0.05023981258273125
0.0,0.99497485,0.24185973,0.02764142,0.3259321,inlet,0.05023981258273125
0.0,1.0,0.24614805,0.0274687,0.32655475,inlet,0.05023981258273125
2.5,0.0,0.28221202,0.02962094,0.33781016,outlet,0.05023981258273125
2.5,0.0050251256,0.26350412,0.029853527,0.33432642,outlet,0.05023981258273125
2.5,0.010050251,0.24480319,0.030076746,0.33085632,outlet,0.05023981258273125
2.5,0.015075376,0.22615004,0.030289646,0.3274064,outlet,0.05023981258273125
2.5,0.020100502,0.20758593,0.030491285,0.323983,outlet,0.05023981258273125
2.5,0.025125628,0.18915167,0.030680839,0.32059252,outlet,0.05023981258273125
2.5,0.030150753,0.17088774,0.030857716,0.31724128,outlet,0.05023981258273125
2.5,0.03517588,0.15283439,0.03102139,0.31393534,outlet,0.05023981258273125
2.5,0.040201005,0.13503051,0.031171508,0.3106805,outlet,0.05023981258273125
2.5,0.04522613,0.117514856,0.031307943,0.3074827,outlet,0.05023981258273125
2.5,0.050251257,0.10032456,0.031430554,0.3043474,outlet,0.05023981258273125
2.5,0.055276383,0.083496444,0.031539455,0.30128014,outlet,0.05023981258273125
2.5,0.060301505,0.06706611,0.031634822,0.2982861,outlet,0.05023981258273125
2.5,0.06532663,0.051067747,0.031716924,0.29537037,outlet,0.05023981258273125
2.5,0.07035176,0.03553415,0.031786095,0.29253775,outlet,0.05023981258273125
2.5,0.07537688,0.020497212,0.031842753,0.289793,outlet,0.05023981258273125
2.5,0.08040201,0.00598683,0.031887293,0.28714043,outlet,0.05023981258273125
2.5,0.085427135,-0.007968595,0.031920187,0.28458428,outlet,0.05023981258273125
2.5,0.09045226,-0.021343134,0.03194191,0.28212833,outlet,0.05023981258273125
2.5,0.09547739,-0.034112796,0.031952903,0.27977622,outlet,0.05023981258273125
2.5,0.10050251,-0.046256363,0.031953707,0.27753094,outlet,0.05023981258273125
2.5,0.10552764,-0.057755105,0.031944774,0.27539536,outlet,0.05023981258273125
2.5,0.110552765,-0.068593614,0.0319266,0.27337164,outlet,0.05023981258273125
2.5,0.11557789,-0.07875986,0.031899735,0.27146158,outlet,0.05023981258273125
2.5,0.12060301,-0.088244736,0.03186471,0.26966634,outlet,0.05023981258273125
2.5,0.12562814,-0.09704311,0.031822093,0.26798657,outlet,0.05023981258273125
2.5,0.13065326,-0.10515401,0.031772524,0.26642227,outlet,0.05023981258273125
2.5,0.1356784,-0.11257922,0.031716693,0.26497287,outlet,0.05023981258273125
2.5,0.14070351,-0.11932496,0.031655323,0.26363719,outlet,0.05023981258273125
2.5,0.14572865,-0.12540106,0.031589195,0.26241332,outlet,0.05023981258273125
2.5,0.15075377,-0.13082018,0.03151914,0.26129913,outlet,0.05023981258273125
2.5,0.1557789,-0.13559875,0.03144607,0.26029164,outlet,0.05023981258273125
2.5,0.16080402,-0.13975601,0.031370893,0.25938752,outlet,0.05023981258273125
2.5,0.16582914,-0.14331351,0.031294577,0.25858313,outlet,0.05023981258273125
2.5,0.17085427,-0.14629483,0.031218022,0.2578745,outlet,0.05023981258273125
2.5,0.17587939,-0.14872529,0.031142235,0.2572573,outlet,0.05023981258273125
2.5,0.18090452,-0.15063104,0.031068102,0.25672728,outlet,0.05023981258273125
2.5,0.18592964,-0.15203927,0.030996487,0.25628006,outlet,0.05023981258273125
2.5,0.19095477,-0.15297681,0.030928195,0.25591126,outlet,0.05023981258273125
2.5,0.1959799,-0.1534706,0.030863917,0.25561675,outlet,0.05023981258273125
2.5,0.20100503,-0.15354663,0.030804228,0.25539243,outlet,0.05023981258273125
2.5,0.20603015,-0.15322915,0.030749615,0.25523478,outlet,0.05023981258273125
2.5,0.21105528,-0.15254219,0.030700425,0.25514013,outlet,0.05023981258273125
2.5,0.2160804,-0.15150684,0.0306568,0.2551057,outlet,0.05023981258273125
2.5,0.22110553,-0.15014352,0.030618822,0.25512862,outlet,0.05023981258273125
2.5,0.22613065,-0.14846985,0.030586382,0.25520658,outlet,0.05023981258273125
2.5,0.23115578,-0.14650173,0.030559236,0.25533774,outlet,0.05023981258273125
2.5,0.2361809,-0.14425415,0.030537052,0.25552028,outlet,0.05023981258273125
2.5,0.24120602,-0.14173862,0.03051931,0.25575304,outlet,0.05023981258273125
2.5,0.24623115,-0.13896646,0.03050552,0.25603488,outlet,0.05023981258273125
2.5,0.2512563,-0.13594712,0.03049503,0.25636488,outlet,0.05023981258273125
2.5,0.2562814,-0.13268884,0.030487152,0.25674248,outlet,0.05023981258273125
2.5,0.26130652,-0.12919915,0.030481223,0.25716698,outlet,0.05023981258273125
2.5,0.26633164,-0.12548421,0.030476559,0.25763804,outlet,0.05023981258273125
2.5,0.2713568,-0.121550806,0.030472493,0.2581551,outlet,0.05023981258273125
2.5,0.2763819,-0.11740488,0.030468443,0.25871772,outlet,0.05023981258273125
2.5,0.28140703,-0.11305309,0.030463908,0.2593253,outlet,0.05023981258273125
2.5,0.28643215,-0.10850208,0.030458456,0.25997716,outlet,0.05023981258273125
2.5,0.2914573,-0.10375928,0.030451784,0.26067254,outlet,0.05023981258273125
2.5,0.2964824,-0.09883358,0.030443741,0.26141024,outlet,0.05023981258273125
2.5,0.30150753,-0.09373464,0.030434323,0.26218906,outlet,0.05023981258273125
2.5,0.30653265,-0.08847363,0.030423611,0.26300746,outlet,0.05023981258273125
2.5,0.3115578,-0.083063565,0.030411962,0.26386347,outlet,0.05023981258273125
2.5,0.31658292,-0.07751888,0.030399749,0.264755,outlet,0.05023981258273125
2.5,0.32160804,-0.07185617,0.03038766,0.26567957,outlet,0.05023981258273125
2.5,0.32663316,-0.066093914,0.030376408,0.26663423,outlet,0.05023981258273125
2.5,0.33165827,-0.060251966,0.030366868,0.26761582,outlet,0.05023981258273125
2.5,0.33668342,-0.05435235,0.030360112,0.26862094,outlet,0.05023981258273125
2.5,0.34170854,-0.04841902,0.030357243,0.2696457,outlet,0.05023981258273125
2.5,0.34673366,-0.04247698,0.03035951,0.27068603,outlet,0.05023981258273125
2.5,0.35175878,-0.03655247,0.030368254,0.2717377,outlet,0.05023981258273125
2.5,0.35678393,-0.030672865,0.030384796,0.2727962,outlet,0.05023981258273125
2.5,0.36180905,-0.024866115,0.030410504,0.27385706,outlet,0.05023981258273125
2.5,0.36683416,-0.019160392,0.030446757,0.27491555,outlet,0.05023981258273125
2.5,0.37185928,-0.013583541,0.03049493,0.275967,outlet,0.05023981258273125
2.5,0.37688443,-0.008163684,0.030556291,0.27700686,outlet,0.05023981258273125
2.5,0.38190955,-0.0029272987,0.030632086,0.27803057,outlet,0.05023981258273125
2.5,0.38693467,0.0021000095,0.030723415,0.27903384,outlet,0.05023981258273125
2.5,0.3919598,0.006894065,0.03083125,0.28001255,outlet,0.05023981258273125
2.5,0.39698493,0.01143289,0.030956428,0.2809628,outlet,0.05023981258273125
2.5,0.40201005,0.015696477,0.031099617,0.2818811,outlet,0.05023981258273125
2.5,0.40703517,0.019666975,0.031261347,0.2827642,outlet,0.05023981258273125
2.5,0.4120603,0.023329804,0.031441905,0.28360933,outlet,0.05023981258273125
2.5,0.4170854,0.026672786,0.031641394,0.28441396,outlet,0.05023981258273125
2.5,0.42211056,0.02968645,0.031859756,0.2851761,outlet,0.05023981258273125
2.5,0.42713568,0.0323651,0.03209667,0.28589416,outlet,0.05023981258273125
2.5,0.4321608,0.034705073,0.032351665,0.28656673,outlet,0.05023981258273125
2.5,0.4371859,0.03670668,0.03262406,0.28719324,outlet,0.05023981258273125
2.5,0.44221106,0.03837327,0.032912996,0.28777316,outlet,0.05023981258273125
2.5,0.44723618,0.039711,0.033217415,0.28830665,outlet,0.05023981258273125
2.5,0.4522613,0.040729374,0.03353616,0.28879413,outlet,0.05023981258273125
2.5,0.45728642,0.041440576,0.03386786,0.2892364,outlet,0.05023981258273125
2.5,0.46231157,0.041860104,0.034211077,0.28963473,outlet,0.05023981258273125
2.5,0.46733668,0.042006254,0.03456422,0.28999078,outlet,0.05023981258273125
2.5,0.4723618,0.04190035,0.034925636,0.29030672,outlet,0.05023981258273125
2.5,0.47738692,0.04156597,0.03529358,0.29058486,outlet,0.05023981258273125
2.5,0.48241204,0.04102982,0.03566625,0.29082817,outlet,0.05023981258273125
2.5,0.4874372,0.040320605,0.036041856,0.29103994,outlet,0.05023981258273125
2.5,0.4924623,0.039469093,0.036418505,0.29122353,outlet,0.05023981258273125
2.5,0.49748743,0.03850817,0.036794387,0.291383,outlet,0.05023981258273125
2.5,0.5025126,0.037472263,0.037167728,0.29152253,outlet,0.05023981258273125
2.5,0.5075377,0.03639652,0.03753671,0.29164648,outlet,0.05023981258273125
2.5,0.5125628,0.03531737,0.037899673,0.2917595,outlet,0.05023981258273125
2.5,0.51758796,0.034271166,0.038255047,0.29186636,outlet,0.05023981258273125
2.5,0.52261305,0.033293642,0.03860128,0.2919717,outlet,0.05023981258273125
2.5,0.5276382,0.032420456,0.03893704,0.2920804,outlet,0.05023981258273125
2.5,0.53266335,0.031685352,0.03926107,0.29219705,outlet,0.05023981258273125
2.5,0.53768843,0.031121017,0.03957227,0.2923261,outlet,0.05023981258273125
2.5,0.5427136,0.030757742,0.039869666,0.2924718,outlet,0.05023981258273125
2.5,0.5477387,0.030623307,0.040152445,0.29263812,outlet,0.05023981258273125
2.5,0.5527638,0.03074287,0.04041995,0.29282862,outlet,0.05023981258273125
2.5,0.55778897,0.031139253,0.040671665,0.2930466,outlet,0.05023981258273125
2.5,0.5628141,0.031832136,0.040907167,0.29329497,outlet,0.05023981258273125
2.5,0.5678392,0.032838337,0.04112619,0.29357615,outlet,0.05023981258273125
2.5,0.5728643,0.034172207,0.04132857,0.2938923,outlet,0.05023981258273125
2.5,0.57788944,0.03584536,0.04151424,0.29424524,outlet,0.05023981258273125
2.5,0.5829146,0.037866637,0.041683212,0.2946363,outlet,0.05023981258273125
2.5,0.58793974,0.040243596,0.041835573,0.2950666,outlet,0.05023981258273125
2.5,0.5929648,0.042980827,0.041971467,0.2955369,outlet,0.05023981258273125
2.5,0.5979899,0.04608152,0.04209113,0.29604775,outlet,0.05023981258273125
2.5,0.60301507,0.049547687,0.04219474,0.29659945,outlet,0.05023981258273125
2.5,0.6080402,0.053379104,0.042282682,0.29719195,outlet,0.05023981258273125
2.5,0.61306536,0.057575054,0.042355195,0.29782525,outlet,0.05023981258273125
2.5,0.61809045,0.06213305,0.04241269,0.29849893,outlet,0.05023981258273125
2.5,0.62311554,0.06705005,0.042455554,0.2992124,outlet,0.05023981258273125
2.5,0.6281407,0.0723224,0.042484157,0.29996523,outlet,0.05023981258273125
2.5,0.63316584,0.07794427,0.042498972,0.3007564,outlet,0.05023981258273125
2.5,0.638191,0.08391022,0.04250049,0.3015851,outlet,0.05023981258273125
2.5,0.6432161,0.0902131,0.042489167,0.30245015,outlet,0.05023981258273125
2.5,0.6482412,0.09684528,0.042465523,0.30335033,outlet,0.05023981258273125
2.5,0.6532663,0.10379784,0.042430148,0.3042843,outlet,0.05023981258273125
2.5,0.65829146,0.11106115,0.04238359,0.30525056,outlet,0.05023981258273125
2.5,0.6633166,0.1186242,0.04232641,0.3062474,outlet,0.05023981258273125
2.5,0.66834176,0.1264755,0.042259187,0.3072732,outlet,0.05023981258273125
2.5,0.67336684,0.13460186,0.042182542,0.3083261,outlet,0.05023981258273125
2.5,0.67839193,0.14298978,0.042097062,0.30940416,outlet,0.05023981258273125
2.5,0.6834171,0.15162441,0.04200326,0.31050542,outlet,0.05023981258273125
2.5,0.68844223,0.16049051,0.0419017,0.31162786,outlet,0.05023981258273125
2.5,0.6934674,0.16957104,0.041792843,0.31276926,outlet,0.05023981258273125
2.5,0.69849247,0.17884916,0.041677203,0.3139277,outlet,0.05023981258273125
2.5,0.70351756,0.18830685,0.041555144,0.31510088,outlet,0.05023981258273125
2.5,0.7085427,0.19792576,0.04142701,0.31628683,outlet,0.05023981258273125
2.5,0.71356785,0.20768651,0.0412931,0.31748325,outlet,0.05023981258273125
2.5,0.718593,0.21756905,0.041153602,0.31868795,outlet,0.05023981258273125
2.5,0.7236181,0.22755283,0.0410087,0.31989872,outlet,0.05023981258273125
2.5,0.7286432,0.23761687,0.040858515,0.3211132,outlet,0.05023981258273125
2.5,0.7336683,0.24773866,0.04070315,0.32232907,outlet,0.05023981258273125
2.5,0.7386935,0.25789544,0.04054264,0.3235438,outlet,0.05023981258273125
2.5,0.7437186,0.26806334,0.040377025,0.3247547,outlet,0.05023981258273125
2.5,0.7487437,0.27821743,0.040206313,0.325959,outlet,0.05023981258273125
2.5,0.75376886,0.28833237,0.04003054,0.3271538,outlet,0.05023981258273125
2.5,0.75879395,0.29838097,0.039849766,0.328336,outlet,0.05023981258273125
2.5,0.7638191,0.30833644,0.039664052,0.32950225,outlet,0.05023981258273125
2.5,0.76884425,0.3181697,0.03947355,0.33064908,outlet,0.05023981258273125
2.5,0.77386934,0.32785213,0.03927841,0.3317729,outlet,0.05023981258273125
2.5,0.7788945,0.33735463,0.03907884,0.33287,outlet,0.05023981258273125
2.5,0.7839196,0.34664774,0.0388751,0.33393666,outlet,0.05023981258273125
2.5,0.7889447,0.35570192,0.038667526,0.33496892,outlet,0.05023981258273125
2.5,0.79396987,0.3644886,0.038456514,0.33596307,outlet,0.05023981258273125
2.5,0.79899496,0.3729797,0.03824252,0.33691525,outlet,0.05023981258273125
2.5,0.8040201,0.38114786,0.038026035,0.33782175,outlet,0.05023981258273125
2.5,0.8090452,0.38896716,0.037807617,0.33867902,outlet,0.05023981258273125
2.5,0.81407034,0.39641327,0.03758791,0.33948368,outlet,0.05023981258273125
2.5,0.8190955,0.40346384,0.03736757,0.34023255,outlet,0.05023981258273125
2.5,0.82412064,0.4100979,0.037147384,0.34092262,outlet,0.05023981258273125
2.5,0.8291457,0.41629693,0.036928095,0.3415512,outlet,0.05023981258273125
2.5,0.8341709,0.42204428,0.036710583,0.342116,outlet,0.05023981258273125
2.5,0.83919597,0.4273254,0.036495745,0.34261477,outlet,0.05023981258273125
2.5,0.8442211,0.43212828,0.036284596,0.34304574,outlet,0.05023981258273125
2.5,0.84924626,0.4364424,0.036078125,0.34340727,outlet,0.05023981258273125
2.5,0.85427135,0.44025958,0.03587743,0.3436982,outlet,0.05023981258273125
2.5,0.8592965,0.44357342,0.03568365,0.34391743,outlet,0.05023981258273125
2.5,0.8643216,0.4463793,0.035497975,0.34406427,outlet,0.05023981258273125
2.5,0.86934674,0.44867435,0.0353216,0.34413815,outlet,0.05023981258273125
2.5,0.8743719,0.45045638,0.035155796,0.34413877,outlet,0.05023981258273125
2.5,0.879397,0.45172542,0.035001807,0.344066,outlet,0.05023981258273125
2.5,0.8844221,0.45248204,0.03486088,0.34391987,outlet,0.05023981258273125
2.5,0.8894472,0.4527276,0.034734268,0.3437004,outlet,0.05023981258273125
2.5,0.89447236,0.45246446,0.0346232,0.34340793,outlet,0.05023981258273125
2.5,0.8994975,0.4516952,0.034528784,0.3430428,outlet,0.05023981258273125
2.5,0.9045226,0.45042363,0.03445206,0.3426053,outlet,0.05023981258273125
2.5,0.90954775,0.44865364,0.034394063,0.34209597,outlet,0.05023981258273125
2.5,0.91457283,0.44638944,0.034355596,0.34151536,outlet,0.05023981258273125
2.5,0.919598,0.44363612,0.03433749,0.34086412,outlet,0.05023981258273125
2.5,0.92462313,0.44039947,0.03434027,0.34014294,outlet,0.05023981258273125
2.5,0.9296482,0.43668562,0.03436447,0.33935273,outlet,0.05023981258273125
2.5,0.93467337,0.43250194,0.034410387,0.33849454,outlet,0.05023981258273125
2.5,0.9396985,0.42785764,0.0344782,0.33756974,outlet,0.05023981258273125
2.5,0.9447236,0.42276233,0.034567945,0.33657974,outlet,0.05023981258273125
2.5,0.94974875,0.4172281,0.034679517,0.3355265,outlet,0.05023981258273125
2.5,0.95477384,0.4112683,0.03481265,0.33441213,outlet,0.05023981258273125
2.5,0.959799,0.4048987,0.03496697,0.33323914,outlet,0.05023981258273125
2.5,0.96482414,0.3981373,0.035141878,0.3320105,outlet,0.05023981258273125
2.5,0.9698492,0.39100438,0.035336755,0.33072954,outlet,0.05023981258273125
2.5,0.9748744,0.38352224,0.035550788,0.32939988,outlet,0.05023981258273125
2.5,0.9798995,0.37571585,0.03578312,0.32802573,outlet,0.05023981258273125
2.5,0.9849246,0.3676129,0.03603276,0.3266116,outlet,0.05023981258273125
2.5,0.98994976,0.35924244,0.036298558,0.32516232,outlet,0.05023981258273125
2.5,0.99497485,0.35063612,0.036579333,0.32368323,outlet,0.05023981258273125
2.5,1.0,0.34182715,0.036873825,0.32217985,outlet,0.05023981258273125
0.0,0.0,0.084676184,0.022100586,0.33005446,wall_bottom,0.05023981258273125
0.012562814,0.0,0.07626509,0.022845991,0.32785773,wall_bottom,0.05023981258273125
0.025125628,0.0,0.0688268,0.02354224,0.32581374,wall_bottom,0.05023981258273125
0.03768844,0.0,0.062351502,0.024188075,0.32392722,wall_bottom,0.05023981258273125
0.050251257,0.0,0.056792714,0.024784433,0.32219592,wall_bottom,0.05023981258273125
0.06281407,0.0,0.0520714,0.025334146,0.32061154,wall_bottom,0.05023981258273125
0.07537688,0.0,0.04808233,0.025841568,0.3191609,wall_bottom,0.05023981258273125
0.0879397,0.0,0.04470475,0.02631212,0.3178277,wall_bottom,0.05023981258273125
0.10050251,0.0,0.041813128,0.02675152,0.31659448,wall_bottom,0.05023981258273125
0.113065325,0.0,0.03928925,0.027165338,0.31544495,wall_bottom,0.05023981258273125
0.12562814,0.0,0.03703244,0.027558273,0.31436598,wall_bottom,0.05023981258273125
0.13819095,0.0,0.0349677,0.027933685,0.31334883,wall_bottom,0.05023981258273125
0.15075377,0.0,0.033050403,0.028293304,0.31239045,wall_bottom,0.05023981258273125
0.16331658,0.0,0.031269133,0.028636977,0.3114933,wall_bottom,0.05023981258273125
0.1758794,0.0,0.029643504,0.028962966,0.31066552,wall_bottom,0.05023981258273125
0.18844222,0.0,0.028220164,0.029267935,0.30991945,wall_bottom,0.05023981258273125
0.20100503,0.0,0.027066948,0.029547546,0.3092704,wall_bottom,0.05023981258273125
0.21356784,0.0,0.026263783,0.02979692,0.30873477,wall_bottom,0.05023981258273125
0.22613065,0.0,0.025894986,0.030011252,0.30832827,wall_bottom,0.05023981258273125
0.23869348,0.0,0.026038857,0.030186368,0.30806378,wall_bottom,0.05023981258273125
0.2512563,0.0,0.026759962,0.030319428,0.30794984,wall_bottom,0.05023981258273125
0.2638191,0.0,0.028102668,0.030409092,0.30798966,wall_bottom,0.05023981258273125
0.2763819,0.0,0.030084716,0.030456215,0.30818003,wall_bottom,0.05023981258273125
0.28894472,0.0,0.032696217,0.030463768,0.30851158,wall_bottom,0.05023981258273125
0.30150753,0.0,0.03589774,0.030437041,0.30896866,wall_bottom,0.05023981258273125
0.31407034,0.0,0.039622538,0.030383455,0.3095304,wall_bottom,0.05023981258273125
0.32663316,0.0,0.04377988,0.030312171,0.31017148,wall_bottom,0.05023981258273125
0.339196,0.0,0.04825923,0.030233914,0.31086352,wall_bottom,0.05023981258273125
0.3517588,0.0,0.05293653,0.03016027,0.3115766,wall_bottom,0.05023981258273125
0.36432162,0.0,0.057679787,0.030103305,0.31228036,wall_bottom,0.05023981258273125
0.37688443,0.0,0.06235727,0.030074738,0.31294605,wall_bottom,0.05023981258273125
0.38944724,0.0,0.06684478,0.030085607,0.31354797,wall_bottom,0.05023981258273125
0.40201005,0.0,0.071033016,0.030145476,0.31406495,wall_bottom,0.05023981258273125
0.41457286,0.0,0.07483538,0.030262075,0.31448177,wall_bottom,0.05023981258273125
0.42713568,0.0,0.07819333,0.030440945,0.3147903,wall_bottom,0.05023981258273125
0.4396985,0.0,0.081079885,0.030685307,0.31498992,wall_bottom,0.05023981258273125
0.4522613,0.0,0.08350014,0.030996025,0.31508744,wall_bottom,0.05023981258273125
0.4648241,0.0,0.08548793,0.031371847,0.31509614,wall_bottom,0.05023981258273125
0.47738695,0.0,0.087098725,0.03180985,0.31503445,wall_bottom,0.05023981258273125
0.48994976,0.0,0.08840064,0.03230585,0.31492364,wall_bottom,0.05023981258273125
0.5025126,0.0,0.08946249,0.032854836,0.31478542,wall_bottom,0.05023981258273125
0.5150754,0.0,0.09034232,0.033451654,0.31463942,wall_bottom,0.05023981258273125
0.5276382,0.0,0.09107681,0.034091026,0.31450075,wall_bottom,0.05023981258273125
0.540201,0.0,0.09167523,0.03476809,0.31437865,wall_bottom,0.05023981258273125
0.5527638,0.0,0.09211648,0.035478167,0.3142755,wall_bottom,0.05023981258273125
0.56532663,0.0,0.09235277,0.036216713,0.31418717,wall_bottom,0.05023981258273125
0.57788944,0.0,0.09231756,0.03697893,0.3141045,wall_bottom,0.05023981258273125
0.59045225,0.0,0.091938876,0.03775922,0.31401563,wall_bottom,0.05023981258273125
0.60301507,0.0,0.09115175,0.038550917,0.31390834,wall_bottom,0.05023981258273125
0.6155779,0.0,0.08991266,0.039345812,0.31377274,wall_bottom,0.05023981258273125
0.6281407,0.0,0.088208616,0.04013416,0.3136033,wall_bottom,0.05023981258273125
0.6407035,0.0,0.08606089,0.04090476,0.31339964,wall_bottom,0.05023981258273125
0.6532663,0.0,0.08352443,0.04164543,0.3131667,wall_bottom,0.05023981258273125
0.6658291,0.0,0.08068063,0.04234357,0.31291378,wall_bottom,0.05023981258273125
0.678392,0.0,0.0776278,0.042986944,0.3126527,wall_bottom,0.05023981258273125
0.6909548,0.0,0.07446926,0.043564454,0.3123966,wall_bottom,0.05023981258273125
0.7035176,0.0,0.07130263,0.044066697,0.31215745,wall_bottom,0.05023981258273125
0.7160804,0.0,0.06821208,0.04448644,0.3119457,wall_bottom,0.05023981258273125
0.72864324,0.0,0.065262355,0.044818692,0.31176895,wall_bottom,0.05023981258273125
0.74120605,0.0,0.0624981,0.045060918,0.31163222,wall_bottom,0.05023981258273125
0.75376886,0.0,0.05994361,0.04521261,0.31153804,wall_bottom,0.05023981258273125
0.7663317,0.0,0.05760788,0.045275096,0.31148726,wall_bottom,0.05023981258273125
0.7788945,0.0,0.055486865,0.045251057,0.3114795,wall_bottom,0.05023981258273125
0.7914573,0.0,0.053568177,0.045144267,0.3115137,wall_bottom,0.05023981258273125
0.8040201,0.0,0.05183392,0.044959255,0.31158826,wall_bottom,0.05023981258273125
0.8165829,0.0,0.050263353,0.04470111,0.31170133,wall_bottom,0.05023981258273125
0.8291457,0.0,0.048832856,0.04437539,0.31185046,wall_bottom,0.05023981258273125
0.84170854,0.0,0.047517657,0.043988083,0.31203285,wall_bottom,0.05023981258273125
0.85427135,0.0,0.046291888,0.043545615,0.31224507,wall_bottom,0.05023981258273125
0.86683416,0.0,0.045129076,0.043055117,0.31248358,wall_bottom,0.05023981258273125
0.879397,0.0,0.044005312,0.042524133,0.312745,wall_bottom,0.05023981258273125
0.8919598,0.0,0.042900987,0.041960865,0.31302685,wall_bottom,0.05023981258273125
0.9045226,0.0,0.04180423,0.04137405,0.31332794,wall_bottom,0.05023981258273125
0.9170854,0.0,0.040714048,0.040772684,0.313649,wall_bottom,0.05023981258273125
0.9296482,0.0,0.039643332,0.04016587,0.3139931,wall_bottom,0.05023981258273125
0.9422111,0.0,0.038620204,0.039562598,0.31436574,wall_bottom,0.05023981258273125
0.9547739,0.0,0.03768836,0.038971364,0.31477445,wall_bottom,0.05023981258273125
0.9673367,0.0,0.036904,0.0384,0.3152284,wall_bottom,0.05023981258273125
0.9798995,0.0,0.03633164,0.037855305,0.3157373,wall_bottom,0.05023981258273125
0.99246234,0.0,0.036037616,0.037343036,0.31631008,wall_bottom,0.05023981258273125
1.0050251,0.0,0.03608302,0.03686759,0.31695396,wall_bottom,0.05023981258273125
1.0175879,0.0,0.03651435,0.036432,0.31767258,wall_bottom,0.05023981258273125
1.0301508,0.0,0.037357926,0.036037847,0.31846535,wall_bottom,0.05023981258273125
1.0427135,0.0,0.03861443,0.035685454,0.31932652,wall_bottom,0.05023981258273125
1.0552764,0.0,0.04025861,0.035373762,0.3202455,wall_bottom,0.05023981258273125
1.0678391,0.0,0.04224191,0.035100684,0.32120734,wall_bottom,0.05023981258273125
1.080402,0.0,0.0444981,0.0348632,0.32219392,wall_bottom,0.05023981258273125
1.0929649,0.0,0.046950623,0.034657635,0.32318538,wall_bottom,0.05023981258273125
1.1055276,0.0,0.04952132,0.034480035,0.32416177,wall_bottom,0.05023981258273125
1.1180905,0.0,0.052136987,0.034326408,0.32510412,wall_bottom,0.05023981258273125
1.1306533,0.0,0.05473455,0.034193054,0.32599568,wall_bottom,0.05023981258273125
1.1432161,0.0,0.057263955,0.034076903,0.32682246,wall_bottom,0.05023981258273125
1.1557789,0.0,0.059688345,0.033975713,0.32757333,wall_bottom,0.05023981258273125
1.1683418,0.0,0.06198296,0.03388819,0.32823998,wall_bottom,0.05023981258273125
1.1809045,0.0,0.06413347,0.03381405,0.32881683,wall_bottom,0.05023981258273125
1.1934674,0.0,0.066132516,0.03375392,0.32930052,wall_bottom,0.05023981258273125
1.2060301,0.0,0.067978345,0.033709172,0.32968953,wall_bottom,0.05023981258273125
1.218593,0.0,0.06967176,0.03368179,0.3299835,wall_bottom,0.05023981258273125
1.2311558,0.0,0.07121388,0.033673942,0.3301831,wall_bottom,0.05023981258273125
1.2437186,0.0,0.07260535,0.03368772,0.3302892,wall_bottom,0.05023981258273125
1.2562814,0.0,0.07384435,0.033724815,0.33030266,wall_bottom,0.05023981258273125
1.2688442,0.0,0.07492564,0.03378628,0.3302241,wall_bottom,0.05023981258273125
1.281407,0.0,0.07584054,0.033872046,0.33005363,wall_bottom,0.05023981258273125
1.2939699,0.0,0.07657731,0.033980936,0.32979125,wall_bottom,0.05023981258273125
1.3065326,0.0,0.077121414,0.034110434,0.32943693,wall_bottom,0.05023981258273125
1.3190955,0.0,0.077456705,0.034256727,0.32899103,wall_bottom,0.05023981258273125
1.3316582,0.0,0.07756638,0.03441486,0.32845467,wall_bottom,0.05023981258273125
1.3442211,0.0,0.077435665,0.034578882,0.32783043,wall_bottom,0.05023981258273125
1.3567839,0.0,0.07705154,0.03474231,0.32712233,wall_bottom,0.05023981258273125
1.3693467,0.0,0.07640557,0.034898467,0.32633618,wall_bottom,0.05023981258273125
1.3819095,0.0,0.07549482,0.035040908,0.32548004,wall_bottom,0.05023981258273125
1.3944724,0.0,0.07432229,0.035163727,0.3245635,wall_bottom,0.05023981258273125
1.4070351,0.0,0.072898544,0.035262015,0.3235981,wall_bottom,0.05023981258273125
1.419598,0.0,0.071241155,0.035331935,0.3225966,wall_bottom,0.05023981258273125
1.4321609,0.0,0.06937519,0.035370983,0.32157302,wall_bottom,0.05023981258273125
1.4447236,0.0,0.067330964,0.035377856,0.3205417,wall_bottom,0.05023981258273125
1.4572865,0.0,0.06514443,0.03535254,0.31951702,wall_bottom,0.05023981258273125
1.4698492,0.0,0.06285391,0.03529602,0.31851277,wall_bottom,0.05023981258273125
1.4824121,0.0,0.06050025,0.035210066,0.31754172,wall_bottom,0.05023981258273125
1.4949749,0.0,0.05812455,0.035097025,0.31661516,wall_bottom,0.05023981258273125
1.5075376,0.0,0.055768237,0.03495948,0.3157427,wall_bottom,0.05023981258273125
1.5201005,0.0,0.053473048,0.03480006,0.31493217,wall_bottom,0.05023981258273125
1.5326633,0.0,0.051282793,0.03462086,0.31418985,wall_bottom,0.05023981258273125
1.5452261,0.0,0.049244493,0.03442347,0.31352094,wall_bottom,0.05023981258273125
1.5577888,0.0,0.047409654,0.03420853,0.31292945,wall_bottom,0.05023981258273125
1.5703518,0.0,0.0458354,0.033975612,0.31241912,wall_bottom,0.05023981258273125
1.5829146,0.0,0.044584036,0.033723235,0.31199342,wall_bottom,0.05023981258273125
1.5954773,0.0,0.043721937,0.033448808,0.31165543,wall_bottom,0.05023981258273125
1.6080402,0.0,0.04331623,0.03314875,0.31140804,wall_bottom,0.05023981258273125
1.6206031,0.0,0.043430798,0.032818858,0.31125334,wall_bottom,0.05023981258273125
1.6331658,0.0,0.044121586,0.03245466,0.31119218,wall_bottom,0.05023981258273125
1.6457286,0.0,0.045431286,0.03205178,0.31122348,wall_bottom,0.05023981258273125
1.6582915,0.0,0.04738465,0.03160645,0.31134364,wall_bottom,0.05023981258273125
1.6708543,0.0,0.049985968,0.031115929,0.31154618,wall_bottom,0.05023981258273125
1.6834171,0.0,0.053215533,0.030578993,0.3118209,wall_bottom,0.05023981258273125
1.6959798,0.0,0.057030626,0.029996173,0.31215447,wall_bottom,0.05023981258273125
1.7085427,0.0,0.061366104,0.029370006,0.31253013,wall_bottom,0.05023981258273125
1.7211056,0.0,0.06613908,0.028705047,0.31292868,wall_bottom,0.05023981258273125
1.7336683,0.0,0.07125289,0.028007936,0.31332922,wall_bottom,0.05023981258273125
1.7462311,0.0,0.07660406,0.027286809,0.31371066,wall_bottom,0.05023981258273125
1.758794,0.0,0.08208979,0.026551064,0.31405312,wall_bottom,0.05023981258273125
1.7713568,0.0,0.08761484,0.02581068,0.3143397,wall_bottom,0.05023981258273125
1.7839196,0.0,0.09309783,0.02507544,0.3145578,wall_bottom,0.05023981258273125
1.7964823,0.0,0.09847792,0.024354395,0.31470025,wall_bottom,0.05023981258273125
1.8090452,0.0,0.10371774,0.023655143,0.31476587,wall_bottom,0.05023981258273125
1.8216081,0.0,0.10880413,0.022983555,0.31475958,wall_bottom,0.05023981258273125
1.8341708,0.0,0.11374759,0.022343528,0.3146915,wall_bottom,0.05023981258273125
1.8467337,0.0,0.11857816,0.021737114,0.31457606,wall_bottom,0.05023981258273125
1.8592966,0.0,0.123340674,0.021164723,0.3144306,wall_bottom,0.05023981258273125
1.8718593,0.0,0.12808706,0.020625647,0.3142735,wall_bottom,0.05023981258273125
1.8844221,0.0,0.13286993,0.02011842,0.3141232,wall_bottom,0.05023981258273125
1.8969849,0.0,0.13773394,0.019641574,0.31399584,wall_bottom,0.05023981258273125
1.9095478,0.0,0.14271069,0.019194,0.31390503,wall_bottom,0.05023981258273125
1.9221106,0.0,0.14781266,0.01877528,0.31386012,wall_bottom,0.05023981258273125
1.9346733,0.0,0.15303116,0.018386267,0.31386605,wall_bottom,0.05023981258273125
1.9472362,0.0,0.15833406,0.018028922,0.31392282,wall_bottom,0.05023981258273125
1.959799,0.0,0.16366935,0.017706394,0.31402618,wall_bottom,0.05023981258273125
1.9723618,0.0,0.16896805,0.01742278,0.31416786,wall_bottom,0.05023981258273125
1.9849246,0.0,0.17415091,0.017182875,0.31433666,wall_bottom,0.05023981258273125
1.9974874,0.0,0.17913651,0.016991533,0.3145203,wall_bottom,0.05023981258273125
2.0100503,0.0,0.18384874,0.016853344,0.3147063,wall_bottom,0.05023981258273125
2.022613,0.0,0.18822676,0.016772043,0.31488422,wall_bottom,0.05023981258273125
2.0351758,0.0,0.19223195,0.01674994,0.31504685,wall_bottom,0.05023981258273125
2.0477388,0.0,0.19585392,0.016787726,0.3151918,wall_bottom,0.05023981258273125
2.0603015,0.0,0.19911394,0.016884182,0.31532198,wall_bottom,0.05023981258273125
2.0728643,0.0,0.2020646,0.017036248,0.31544608,wall_bottom,0.05023981258273125
2.085427,0.0,0.20478655,0.017239287,0.3155778,wall_bottom,0.05023981258273125
2.09799,0.0,0.20738137,0.017487418,0.31573486,wall_bottom,0.05023981258273125
2.1105528,0.0,0.20996219,0.017774072,0.31593704,wall_bottom,0.05023981258273125
2.1231155,0.0,0.2126413,0.018092688,0.31620407,wall_bottom,0.05023981258273125
2.1356783,0.0,0.21551962,0.018437106,0.31655353,wall_bottom,0.05023981258273125
2.1482413,0.0,0.21867612,0.018802065,0.31699872,wall_bottom,0.05023981258273125
2.160804,0.0,0.2221597,0.019183248,0.31754723,wall_bottom,0.05023981258273125
2.1733668,0.0,0.22598594,0.019577619,0.31820044,wall_bottom,0.05023981258273125
2.1859298,0.0,0.23013586,0.019983128,0.31895313,wall_bottom,0.05023981258273125
2.1984925,0.0,0.23455973,0.02039859,0.31979448,wall_bottom,0.05023981258273125
2.2110553,0.0,0.23918265,0.020823453,0.320709,wall_bottom,0.05023981258273125
2.223618,0.0,0.24391282,0.021257669,0.32167837,wall_bottom,0.05023981258273125
2.2361808,0.0,0.24864882,0.02170131,0.3226828,wall_bottom,0.05023981258273125
2.2487438,0.0,0.25329047,0.022154503,0.32370278,wall_bottom,0.05023981258273125
2.2613065,0.0,0.25774413,0.022617098,0.3247205,wall_bottom,0.05023981258273125
2.2738693,0.0,0.26193088,0.023088757,0.32572082,wall_bottom,0.05023981258273125
2.2864323,0.0,0.26579076,0.023568623,0.32669222,wall_bottom,0.05023981258273125
2.298995,0.0,0.26928475,0.02405525,0.32762697,wall_bottom,0.05023981258273125
2.3115578,0.0,0.27239612,0.024546443,0.32852104,wall_bottom,0.05023981258273125
2.3241205,0.0,0.27512842,0.025039304,0.32937366,wall_bottom,0.05023981258273125
2.3366835,0.0,0.27750152,0.025530253,0.33018684,wall_bottom,0.05023981258273125
2.3492463,0.0,0.2795462,0.026015002,0.33096427,wall_bottom,0.05023981258273125
2.361809,0.0,0.28129852,0.026488852,0.33171034,wall_bottom,0.05023981258273125
2.3743718,0.0,0.28279254,0.026946882,0.33242935,wall_bottom,0.05023981258273125
2.3869348,0.0,0.28405437,0.02738408,0.3331244,wall_bottom,0.05023981258273125
2.3994975,0.0,0.28509703,0.027795512,0.33379698,wall_bottom,0.05023981258273125
2.4120603,0.0,0.28591746,0.028176446,0.33444616,wall_bottom,0.05023981258273125
2.424623,0.0,0.28649658,0.028522251,0.33506888,wall_bottom,0.05023981258273125
2.437186,0.0,0.2867983,0.028828457,0.33565962,wall_bottom,0.05023981258273125
2.4497488,0.0,0.2867736,0.029090703,0.33621073,wall_bottom,0.05023981258273125
2.4623115,0.0,0.28636447,0.029304735,0.33671266,wall_bottom,0.05023981258273125
2.4748743,0.0,0.2855081,0.029466566,0.33715445,wall_bottom,0.05023981258273125
2.4874372,0.0,0.2841425,0.029572777,0.3375243,wall_bottom,0.05023981258273125
2.5,0.0,0.28221202,0.029620936,0.3378102,wall_bottom,0.05023981258273125
